Dataset,delta,distance,fail_prob
whales,0.01,32.544823,0
whales,0.01,32.845985,0
whales,0.01,32.770382,0
whales,0.01,33.005352,0
whales,0.01,32.038025,0
