Dataset,Time elapsed,RC1,K,L,w,r,dist_computed,Time int
2,5.400735781993717,0,8,200,500,16,4,
2,125.30068953393493,0,8,10,500,16,350966,0.7698827009880915
2,18.718165853992105,0,8,50,500,16,16,1.9262205890845507
2,25.79453139693942,0,8,100,500,16,8,3.802047807024792
2,17.26076870097313,0,8,150,500,16,4,3.8581607730593532
2,20.887599013978615,0,8,200,500,16,4,4.415534016909078
2,31.841316570993513,0,8,400,500,16,4,7.078096705023199
