Algo,Size,Time (s)
0.0,10000.0,12.94963570300024
0.0,100000.0,951.5866072860081
