Dataset,Time elapsed,RC1,K,L,w,r,dist_computed
0,3.3508800446666664,0,4,200,50,8,8
0,2.4453227866666665,0,8,200,50,8,1
0,3.8650211539999995,0,12,200,50,8,1
0,21.153354908333334,0,16,200,50,8,2
1,89.047777246,0,4,200,75,8,41276
1,8.797901779000009,0,8,200,75,8,74
1,46.61876753200003,0,12,200,75,8,8
1,190.394211811,0,16,200,75,8,95
