Dataset,Time elapsed,RC1,K,L,w,r,dist_computed
0,1.2264744633333369,0,8,10,50,8,1
0,1.2803304950000012,0,8,50,50,8,2
0,1.8297153109999964,0,8,100,50,8,1
0,2.2798898400000005,0,8,150,50,8,2
0,2.5734872836666653,0,8,200,50,8,2
0,4.253806815999998,0,8,400,50,8,1
1,52.12361413166665,0,8,10,75,8,1501
1,6.130626997666695,0,8,50,75,8,106
1,7.006238004666632,0,8,100,75,8,52
1,6.718998888333317,0,8,150,75,8,62
1,8.199212139666693,0,8,200,75,8,58
1,15.42892421766669,0,8,400,75,8,23
