Dataset,Time elapsed,RC1,K,L,w,r,dist_computed,Time int
1,0.3570128206666669,0,8,200,75,8,205,
1,0.3280201690000002,0,4,200,75,8,7446,
1,0.33374639699999875,0,8,200,75,8,163,
1,0.41552533099999955,0,12,200,75,8,65,
1,0.7075309149999995,0,16,200,75,8,863,
1,0.13399096599999893,0,8,10,75,8,15957,0.06970713900000014
1,0.26411390899999887,0,8,50,75,8,218,0.16575282300000005
1,0.19817611199999874,0,8,100,75,8,87,0.10558570699999947
1,0.2112237799999992,0,8,150,75,8,123,0.10327641399999976
1,0.26140874600000075,0,8,200,75,8,233,0.12326394599999979
1,0.36466134299999986,0,8,400,75,8,78,0.14023574299999986
1,0.46748597799999914,0,8,200,75,4,611,
1,0.2592711769999987,0,8,200,75,8,187,
1,0.29380449499999983,0,8,200,75,16,2426,
1,0.35174980599999905,0,8,200,75,32,239255,
