Dataset,Time elapsed,RC1,K,L,w,r,dist_computed,Time int
3,1.561884032333334,0,8,200,5000,32,114505,
3,1.237987240999999,0,4,200,5000,32,1792317,
3,1.6182272839999996,0,8,200,5000,32,207156,
3,4.056942063999998,0,12,200,5000,32,3801,
3,5.480114348999997,0,16,200,5000,32,19784,
3,0.7824868179999953,0,8,10,5000,32,1532367,0.6878362270000054
3,1.1669483350000007,0,8,50,5000,32,162600,1.0308690700000014
3,1.4601880359999981,0,8,100,5000,32,124684,1.2973622889999987
3,1.497280840000002,0,8,150,5000,32,97066,1.3369509779999973
3,1.730717294999998,0,8,200,5000,32,83937,1.5745046649999992
3,4.0668351270000045,0,8,400,5000,32,153111,3.8002224080000033
3,2.584434959999996,0,8,200,5000,4,6923299,
3,2.4378681719999946,0,8,200,5000,8,1274921,
3,2.1551000790000074,0,8,200,5000,16,126052,
3,1.6225351300000028,0,8,200,5000,32,90680,
