Dataset,Time elapsed,RC1,K,L,w,r,dist_computed
0,66.97735251533334,0,8,200,50,2,2
0,2.3704259976666626,0,8,200,50,8,1
0,3.8853973226666767,0,8,200,50,16,7
0,12.610745175666674,0,8,200,50,32,11
1,157.5047882363333,0,8,200,75,2,1447
1,9.240137050999996,0,8,200,75,8,128
1,81.04911334033325,0,8,200,75,16,44619
1,72.38661043266666,0,8,200,75,32,67719