Dataset,Time elapsed,RC1,K,L,w,r,dist_computed
0,1.1302083333333333,,8,400,45,2,16
1,2.7239583333333335,,8,400,70,8,21
2,12.114583333333334,,8,400,500,16,145
