Dataset,Time elapsed,RC1,K,L,w,r,dist_computed
0,0.7604166666666666,,8,1,45,2,314
1,28.359375,,8,1,70,8,3615
2,301.6458333333333,,8,1,500,16,47566
